{
  "id": "20334384-ec7d-44e4-86c8-6eacb8adbd23",
  "name": "SchoolPage1",
  "isOverridable": true,
  "entries": [
    {
      "value": "School of Agriculture and Food Sciences",
      "synonyms": [
        "http//www.uq.edu.au/agriculture"
      ]
    },
    {
      "value": "School of Architecture",
      "synonyms": [
        "http//www.architecture.uq.edu.au/"
      ]
    },
    {
      "value": "School of Biological Sciences",
      "synonyms": [
        "http//biology.uq.edu.au/"
      ]
    },
    {
      "value": "School of Biomedical Sciences",
      "synonyms": [
        "http//www.uq.edu.au/sbms"
      ]
    },
    {
      "value": "School of Business",
      "synonyms": [
        "http//www.business.uq.edu.au/"
      ]
    },
    {
      "value": "School of Chemical Engineering",
      "synonyms": [
        "http//www.uq.edu.au/chemeng"
      ]
    },
    {
      "value": "School of Chemistry and Molecular Biosciences",
      "synonyms": [
        "http//www.scmb.uq.edu.au"
      ]
    },
    {
      "value": "School of Civil Engineering",
      "synonyms": [
        "http//www.civil.uq.edu.au"
      ]
    },
    {
      "value": "School of Communication and Arts",
      "synonyms": [
        "http//communication-arts.uq.edu.au"
      ]
    },
    {
      "value": "School of Dentistry",
      "synonyms": [
        "http//www.dentistry.uq.edu.au"
      ]
    },
    {
      "value": "School of Earth and Environmental Sciences",
      "synonyms": [
        "http//www.sees.uq.edu.au"
      ]
    },
    {
      "value": "School of Economics",
      "synonyms": [
        "http//www.uq.edu.au/economics/"
      ]
    },
    {
      "value": "School of Education",
      "synonyms": [
        "http//www.uq.edu.au/education/"
      ]
    },
    {
      "value": "School of Health and Rehabilitation Sciences",
      "synonyms": [
        "http//www.shrs.uq.edu.au"
      ]
    },
    {
      "value": "School of Historical and Philosophical Inquiry",
      "synonyms": [
        "http//hapi.uq.edu.au"
      ]
    },
    {
      "value": "School of Human Movement and Nutrition Sciences",
      "synonyms": [
        "http//www.hmns.uq.edu.au"
      ]
    },
    {
      "value": "School of Information Technology and Electrical Engineering",
      "synonyms": [
        "http//www.itee.uq.edu.au/"
      ]
    },
    {
      "value": "School of Languages and Cultures",
      "synonyms": [
        "http//languages-cultures.uq.edu.au"
      ]
    },
    {
      "value": "School of Law",
      "synonyms": [
        "http//www.law.uq.edu.au/"
      ]
    },
    {
      "value": "School of Mathematics and Physics",
      "synonyms": [
        "http//www.smp.uq.edu.au/"
      ]
    },
    {
      "value": "School of Mechanical and Mining Engineering",
      "synonyms": [
        "http//www.mechmining.uq.edu.au/"
      ]
    },
    {
      "value": "School of Music",
      "synonyms": [
        "http//www.uq.edu.au/Music/"
      ]
    },
    {
      "value": "School of Nursing, Midwifery and Social Work",
      "synonyms": [
        "http//nmsw.uq.edu.au"
      ]
    },
    {
      "value": "School of Pharmacy",
      "synonyms": [
        "http//www.uq.edu.au/pharmacy/"
      ]
    },
    {
      "value": "School of Political Science and International Studies",
      "synonyms": [
        "http//www.polsis.uq.edu.au/"
      ]
    },
    {
      "value": "School of Psychology",
      "synonyms": [
        "http//www.psy.uq.edu.au"
      ]
    },
    {
      "value": "School of Public Health",
      "synonyms": [
        "https//public-health.uq.edu.au/"
      ]
    },
    {
      "value": "School of Social Science",
      "synonyms": [
        "http//www.socialscience.uq.edu.au"
      ]
    },
    {
      "value": "School of Veterinary Science",
      "synonyms": [
        "http//www.uq.edu.au/vetschool/"
      ]
    }
  ],
  "isEnum": false,
  "automatedExpansion": false
}