{
  "id": "f647d3fc-d248-417e-af58-4ad5d7f18913",
  "name": "SchoolEmail1",
  "isOverridable": true,
  "entries": [
    {
      "value": "School of Agriculture and Food Sciences",
      "synonyms": [
        "agriculture@uq.edu.au"
      ]
    },
    {
      "value": "School of Architecture",
      "synonyms": [
        "architecture@uq.edu.au"
      ]
    },
    {
      "value": "School of Biological Sciences",
      "synonyms": [
        "biologyadmin@uq.edu.au"
      ]
    },
    {
      "value": "School of Biomedical Sciences",
      "synonyms": [
        "sbms@uq.edu.au"
      ]
    },
    {
      "value": "School of Business",
      "synonyms": [
        "info@business.uq.edu.au"
      ]
    },
    {
      "value": "School of Chemical Engineering",
      "synonyms": [
        "chemeng.enquiries@uq.edu.au"
      ]
    },
    {
      "value": "School of Chemistry and Molecular Biosciences",
      "synonyms": [
        "enquiries@scmb.uq.edu.au"
      ]
    },
    {
      "value": "School of Civil Engineering",
      "synonyms": [
        "schoolmanager@civil.uq.edu.au"
      ]
    },
    {
      "value": "School of Communication and Arts",
      "synonyms": [
        "communication-arts@uq.edu.au"
      ]
    },
    {
      "value": "School of Dentistry",
      "synonyms": [
        "dentistry@uq.edu.au"
      ]
    },
    {
      "value": "School of Earth and Environmental Sciences",
      "synonyms": [
        "sees@enquire.uq.edu.au"
      ]
    },
    {
      "value": "School of Economics",
      "synonyms": [
        "enquiries@economics.uq.edu.au"
      ]
    },
    {
      "value": "School of Education",
      "synonyms": [
        "education@uq.edu.au"
      ]
    },
    {
      "value": "School of Health and Rehabilitation Sciences",
      "synonyms": [
        "shrs_executive@uq.edu.au"
      ]
    },
    {
      "value": "School of Historical and Philosophical Inquiry",
      "synonyms": [
        "hprc@uq.edu.au"
      ]
    },
    {
      "value": "School of Human Movement and Nutrition Sciences",
      "synonyms": [
        "enquiries@hms.uq.edu.au"
      ]
    },
    {
      "value": "School of Information Technology and Electrical Engineering",
      "synonyms": [
        "enquiries@itee.uq.edu.au"
      ]
    },
    {
      "value": "School of Languages and Cultures",
      "synonyms": [
        "languages-cultures@uq.edu.au"
      ]
    },
    {
      "value": "School of Law",
      "synonyms": [
        "tcblaw@law.uq.edu.au"
      ]
    },
    {
      "value": "School of Mechanical and Mining Engineering",
      "synonyms": [
        "mechm.enquiries@uq.edu.au"
      ]
    },
    {
      "value": "School of Music",
      "synonyms": [
        "music@uq.edu.au"
      ]
    },
    {
      "value": "School of Nursing, Midwifery and Social Work",
      "synonyms": [
        "nmsw@uq.edu.au"
      ]
    },
    {
      "value": "School of Pharmacy",
      "synonyms": [
        "enquiries@pharmacy.uq.edu.au"
      ]
    },
    {
      "value": "School of Political Science and International Studies",
      "synonyms": [
        "pols@uq.edu.au"
      ]
    },
    {
      "value": "School of Psychology",
      "synonyms": [
        "info@psy.uq.edu.au"
      ]
    },
    {
      "value": "School of Public Health",
      "synonyms": [
        "enquiries@sph.uq.edu.au"
      ]
    },
    {
      "value": "School of Social Science",
      "synonyms": [
        "socialscience@uq.edu.au"
      ]
    },
    {
      "value": "School of Veterinary Science",
      "synonyms": [
        "vetenquiries@uq.edu.au"
      ]
    }
  ],
  "isEnum": false,
  "automatedExpansion": false
}