{
  "id": "36bb5a34-f830-44e1-ac71-841490e63dfb",
  "name": "SchoolLocation1",
  "isOverridable": true,
  "entries": [
    {
      "value": "School of Agriculture and Food Sciences",
      "synonyms": [
        "Natural and Rural Systems Management Building Gatton"
      ]
    },
    {
      "value": "School of Architecture",
      "synonyms": [
        "Room 306, Level 3 Zelman Cowen Building St Lucia"
      ]
    },
    {
      "value": "School of Biological Sciences",
      "synonyms": [
        "Help Desk Room 229, Level 2 Goddard Building St Lucia"
      ]
    },
    {
      "value": "School of Biomedical Sciences",
      "synonyms": [
        "Room 312, Level 3 Skerman Building St Lucia"
      ]
    },
    {
      "value": "School of Business",
      "synonyms": [
        "Level 2 Colin Clark Building St Lucia"
      ]
    },
    {
      "value": "School of Chemical Engineering",
      "synonyms": [
        "Level 3 Don Nicklin Building St Lucia"
      ]
    },
    {
      "value": "School of Chemistry and Molecular Biosciences",
      "synonyms": [
        "Level 3 Chemistry Building St Lucia"
      ]
    },
    {
      "value": "School of Civil Engineering",
      "synonyms": [
        "Room 555 Advanced Engineering Building St Lucia"
      ]
    },
    {
      "value": "School of Communication and Arts",
      "synonyms": [
        "Level 6 Michie Building St Lucia"
      ]
    },
    {
      "value": "School of Dentistry",
      "synonyms": [
        "Room 28 Dental School Turbot Street Brisbane Oral Health Centre Herston"
      ]
    },
    {
      "value": "School of Earth and Environmental Sciences",
      "synonyms": [
        "Room 210, Level 2 Steele Building St Lucia"
      ]
    },
    {
      "value": "School of Economics",
      "synonyms": [
        "Room 658, Level 6 Colin Clark Building St Lucia"
      ]
    },
    {
      "value": "School of Education",
      "synonyms": [
        "S404 Social Sciences Building St Lucia"
      ]
    },
    {
      "value": "School of Health and Rehabilitation Sciences",
      "synonyms": [
        "Room 806, Level 8 Therapies Annexe St Lucia"
      ]
    },
    {
      "value": "School of Historical and Philosophical Inquiry",
      "synonyms": [
        "E306, Level 3 Forgan Smith Building St Lucia"
      ]
    },
    {
      "value": "School of Human Movement and Nutrition Sciences",
      "synonyms": [
        "Room 536 Human Movement Studies Building St Lucia"
      ]
    },
    {
      "value": "School of Information Technology and Electrical Engineering",
      "synonyms": [
        "Room 425, Level 4 General Purpose South St Lucia"
      ]
    },
    {
      "value": "School of Languages and Cultures",
      "synonyms": [
        "Room 320, Level 3 Gordon Greenwood Building St Lucia"
      ]
    },
    {
      "value": "School of Law",
      "synonyms": [
        "Room W302 Forgan Smith Building St Lucia"
      ]
    },
    {
      "value": "School of Mathematics and Physics",
      "synonyms": [
        "Physics Annexe St Lucia"
      ]
    },
    {
      "value": "School of Mechanical and Mining Engineering",
      "synonyms": [
        "Level 2 Frank White Building St Lucia"
      ]
    },
    {
      "value": "School of Music",
      "synonyms": [
        "Room 429, Level 4 Zelman Cowen Building St Lucia"
      ]
    },
    {
      "value": "School of Nursing, Midwifery and Social Work",
      "synonyms": [
        "Level 3 Chamberlain Building St Lucia"
      ]
    },
    {
      "value": "School of Pharmacy",
      "synonyms": [
        "Level 4 Pharmacy Australia Centre of Excellence 20 Cornwall Street Pharmacy Australia Centre of Excellence PACE Princess Alexandra Hospital"
      ]
    },
    {
      "value": "School of Political Science and International Studies",
      "synonyms": [
        "Level 5 General Purpose North 3 St Lucia"
      ]
    },
    {
      "value": "School of Psychology",
      "synonyms": [
        "Room 312, Level 3 McElwain Building St Lucia"
      ]
    },
    {
      "value": "School of Public Health",
      "synonyms": [
        "Public Health Building Herston"
      ]
    },
    {
      "value": "School of Social Science",
      "synonyms": [
        "Level 3 Reception Michie Building St Lucia"
      ]
    },
    {
      "value": "School of Veterinary Science",
      "synonyms": [
        "S34 Building 114 Gatton"
      ]
    },
    {
      "value": "School of Business",
      "synonyms": [
        "School of Business"
      ]
    }
  ],
  "isEnum": false,
  "automatedExpansion": false
}