{
  "id": "206d785e-66a2-4751-934e-9dfb15ffe5b2",
  "name": "SchoolPhone1",
  "isOverridable": true,
  "entries": [
    {
      "value": "School of Agriculture and Food Sciences",
      "synonyms": [
        "+ 61 7 5460 1321"
      ]
    },
    {
      "value": "School of Architecture",
      "synonyms": [
        "+ 61 7 3365 3537"
      ]
    },
    {
      "value": "School of Biological Sciences",
      "synonyms": [
        "+ 61 7 3365 2491"
      ]
    },
    {
      "value": "School of Biomedical Sciences",
      "synonyms": [
        "+ 61 7 3365 3132"
      ]
    },
    {
      "value": "School of Business",
      "synonyms": [
        "61 + 7 3346 8100"
      ]
    },
    {
      "value": "School of Chemical Engineering",
      "synonyms": [
        "+ 61 7 3365 6195"
      ]
    },
    {
      "value": "School of Chemistry and Molecular Biosciences",
      "synonyms": [
        "+ 61 7 3365 3925"
      ]
    },
    {
      "value": "School of Civil Engineering",
      "synonyms": [
        "+ 61 7 3365 3619"
      ]
    },
    {
      "value": "School of Communication and Arts",
      "synonyms": [
        "+ 61 7 3365 2552"
      ]
    },
    {
      "value": "School of Dentistry",
      "synonyms": [
        "+ 61 7 3365 8022"
      ]
    },
    {
      "value": "School of Earth and Environmental Sciences",
      "synonyms": [
        "+ 61 7 3365 6455"
      ]
    },
    {
      "value": "School of Economics",
      "synonyms": [
        "+ 61 7 3365 6570"
      ]
    },
    {
      "value": "School of Education",
      "synonyms": [
        "+61 7 3365 6550"
      ]
    },
    {
      "value": "School of Health and Rehabilitation Sciences",
      "synonyms": [
        "+ 61 7 3365 7139"
      ]
    },
    {
      "value": "School of Historical and Philosophical Inquiry",
      "synonyms": [
        "+ 61 7 3365 2620"
      ]
    },
    {
      "value": "School of Human Movement and Nutrition Sciences",
      "synonyms": [
        "+ 61 7 3365 6240"
      ]
    },
    {
      "value": "School of Information Technology and Electrical Engineering",
      "synonyms": [
        "+ 61 7 3365 2097"
      ]
    },
    {
      "value": "School of Languages and Cultures",
      "synonyms": [
        "+ 61 7 3365 6311"
      ]
    },
    {
      "value": "School of Law",
      "synonyms": [
        "+ 61 7 3365 2206"
      ]
    },
    {
      "value": "School of Mathematics and Physics",
      "synonyms": [
        "+ 61 7 3346 7681"
      ]
    },
    {
      "value": "School of Mechanical and Mining Engineering",
      "synonyms": [
        "+ 61 7 3365 3668"
      ]
    },
    {
      "value": "School of Music",
      "synonyms": [
        "+ 61 7 3365 4949"
      ]
    },
    {
      "value": "School of Nursing, Midwifery and Social Work",
      "synonyms": [
        "+ 61 7 3365 2068"
      ]
    },
    {
      "value": "School of Pharmacy",
      "synonyms": [
        "+ 61 7 3346 1900"
      ]
    },
    {
      "value": "School of Political Science and International Studies",
      "synonyms": [
        "+61 7 3365 2858"
      ]
    },
    {
      "value": "School of Psychology",
      "synonyms": [
        "+ 61 7 3365 6230"
      ]
    },
    {
      "value": "School of Public Health",
      "synonyms": [
        "+ 61 7 3365 5345"
      ]
    },
    {
      "value": "School of Social Science",
      "synonyms": [
        "+ 61 7 3365 3236"
      ]
    },
    {
      "value": "School of Veterinary Science",
      "synonyms": [
        "+ 61 7 5460 1834"
      ]
    }
  ],
  "isEnum": false,
  "automatedExpansion": false
}