{
  "id": "26e71dfe-236e-4127-bcd1-17d57c8dfe2c",
  "name": "SchoolHead1",
  "isOverridable": true,
  "entries": [
    {
      "value": "School of Agriculture and Food Sciences",
      "synonyms": [
        "Professor Neal MENZIES"
      ]
    },
    {
      "value": "School of Architecture",
      "synonyms": [
        "Professor Sandra KAJI-O\u0027GRADY"
      ]
    },
    {
      "value": "School of Biological Sciences",
      "synonyms": [
        "Professor Mark BLOWS"
      ]
    },
    {
      "value": "School of Biomedical Sciences",
      "synonyms": [
        "Professor Kaye BASFORD"
      ]
    },
    {
      "value": "School of Business",
      "synonyms": [
        "Dr Len COOTE"
      ]
    },
    {
      "value": "School of Chemical Engineering",
      "synonyms": [
        "Professor Peter HALLEY"
      ]
    },
    {
      "value": "School of Chemistry and Molecular Biosciences",
      "synonyms": [
        "Also Known As SCMB"
      ]
    },
    {
      "value": "School of Civil Engineering",
      "synonyms": [
        "Professor Simon WASHINGTON"
      ]
    },
    {
      "value": "School of Communication and Arts",
      "synonyms": [
        "Acting Professor Jason JACOBS"
      ]
    },
    {
      "value": "School of Dentistry",
      "synonyms": [
        "Also Known As Dental School"
      ]
    },
    {
      "value": "School of Earth and Environmental Sciences",
      "synonyms": [
        "Professor Jonathan AITCHISON"
      ]
    },
    {
      "value": "School of Economics",
      "synonyms": [
        "Professor Rodney STRACHAN"
      ]
    },
    {
      "value": "School of Education",
      "synonyms": [
        "Professor Martin MILLS"
      ]
    },
    {
      "value": "School of Health and Rehabilitation Sciences",
      "synonyms": [
        "Professor Louise HICKSON"
      ]
    },
    {
      "value": "School of Historical and Philosophical Inquiry",
      "synonyms": [
        "Associate Professor Martin CROTTY"
      ]
    },
    {
      "value": "School of Human Movement and Nutrition Sciences",
      "synonyms": [
        "Also Known As HMNS"
      ]
    },
    {
      "value": "School of Information Technology and Electrical Engineering",
      "synonyms": [
        "Also Known As ITEE"
      ]
    },
    {
      "value": "School of Languages and Cultures",
      "synonyms": [
        "Professor Michael HAUGH"
      ]
    },
    {
      "value": "School of Law",
      "synonyms": [
        "Professor Sarah DERRINGTON"
      ]
    },
    {
      "value": "School of Mathematics and Physics",
      "synonyms": [
        "Professor Joseph GROTOWSKI"
      ]
    },
    {
      "value": "School of Mechanical and Mining Engineering",
      "synonyms": [
        "Professor Ross MCAREE"
      ]
    },
    {
      "value": "School of Music",
      "synonyms": [
        "Professor Margaret BARRETT"
      ]
    },
    {
      "value": "School of Nursing, Midwifery and Social Work",
      "synonyms": [
        "Professor Helen MCCUTCHEON"
      ]
    },
    {
      "value": "School of Pharmacy",
      "synonyms": [
        "Professor Peter LITTLE"
      ]
    },
    {
      "value": "School of Political Science and International Studies",
      "synonyms": [
        "Associate Professor Richard DEVETAK"
      ]
    },
    {
      "value": "School of Psychology",
      "synonyms": [
        "Professor Virginia SLAUGHTER"
      ]
    },
    {
      "value": "School of Public Health",
      "synonyms": [
        "Professor Charles GILKS"
      ]
    },
    {
      "value": "School of Social Science",
      "synonyms": [
        "Acting Professor Gregory MARSTON"
      ]
    },
    {
      "value": "School of Veterinary Science",
      "synonyms": [
        "Professor Glen COLEMAN"
      ]
    }
  ],
  "isEnum": false,
  "automatedExpansion": false
}