{
  "id": "domestic_duration",
  "name": "domestic_duration",
  "isOverridable": true,
  "entries": [
    
      {
        "value" : "Bachelor of Advanced Finance and Economics Honours",
        "synonyms": [
          "4 Years full-time"
        ]
      } ,
    
      {
        "value" : "Bachelor of Advanced Humanities Honours",
        "synonyms": [
          "4 Years full-time or part-time equivalent"
        ]
      } ,
    
      {
        "value" : "Bachelor of Advanced Science Honours",
        "synonyms": [
          "4 Years full-time or part-time equivalent"
        ]
      } ,
    
      {
        "value" : "Bachelor of Agribusiness",
        "synonyms": [
          "3 Years full-time or part-time equivalent"
        ]
      } ,
    
      {
        "value" : "Bachelors of Agribusiness/Equine Science",
        "synonyms": [
          "4 Years full-time or part-time equivalent"
        ]
      } ,
    
      {
        "value" : "Bachelors of Agribusiness/Sustainable Agriculture",
        "synonyms": [
          "4 Years full-time or part-time equivalent"
        ]
      } ,
    
      {
        "value" : "Bachelors of Agribusiness/Veterinary Technology",
        "synonyms": [
          "4 Years full-time or part-time equivalent"
        ]
      } ,
    
      {
        "value" : "Bachelors of Agribusiness/Wildlife Science",
        "synonyms": [
          "4 Years full-time or part-time equivalent"
        ]
      } ,
    
      {
        "value" : "Bachelor of Agricultural Science Honours",
        "synonyms": [
          "4 Years full-time or part-time equivalent"
        ]
      } ,
    
      {
        "value" : "Bachelor of Architectural Design",
        "synonyms": [
          "3 Years full-time"
        ]
      } ,
    
      {
        "value" : "Bachelor of Arts",
        "synonyms": [
          "3 Years full-time or part-time equivalent"
        ]
      } ,
    
      {
        "value" : "Diploma in Arts",
        "synonyms": [
          "1 Year full-time or part-time equivalent"
        ]
      } ,
    
      {
        "value" : "Bachelor of Arts Honours",
        "synonyms": [
          "1 Year full-time or part-time equivalent"
        ]
      } ,
    
      {
        "value" : "Bachelors of Arts/Education Secondary",
        "synonyms": [
          "4 Years full-time or part-time equivalent"
        ]
      } ,
    
      {
        "value" : "Bachelors of Arts/International Hotel and Tourism Management",
        "synonyms": [
          "4.25 Years full-time or part-time equivalent"
        ]
      } ,
    
      {
        "value" : "Bachelors of Arts/Laws Honours",
        "synonyms": [
          "5.5 Years full-time or part-time equivalent"
        ]
      } ,
    
      {
        "value" : "Bachelors of Arts/Social Science",
        "synonyms": [
          "4 Years full-time or part-time equivalent"
        ]
      } ,
    
      {
        "value" : "Bachelor of Biomedical Science",
        "synonyms": [
          "3 Years full-time or part-time equivalent"
        ]
      } ,
    
      {
        "value" : "Bachelors of Biomedical Science/Science",
        "synonyms": [
          "4 Years full-time or part-time equivalent"
        ]
      } ,
    
      {
        "value" : "Bachelor of Biotechnology Honours",
        "synonyms": [
          "4 Years full-time or part-time equivalent"
        ]
      } ,
    
      {
        "value" : "Bachelor of Business Management",
        "synonyms": [
          "3 Years full-time or part-time equivalent"
        ]
      } ,
    
      {
        "value" : "Bachelor of Business Management Honours",
        "synonyms": [
          "1 Year full-time or part-time equivalent"
        ]
      } ,
    
      {
        "value" : "Bachelors of Business Management /Education Secondary",
        "synonyms": [
          "4.25 Years full-time or part-time equivalent"
        ]
      } ,
    
      {
        "value" : "Bachelors of Business Management/Arts",
        "synonyms": [
          "4.25 Years full-time or part-time equivalent"
        ]
      } ,
    
      {
        "value" : "Bachelors of Business Management/Commerce",
        "synonyms": [
          "4.5 Years full-time or part-time equivalent"
        ]
      } ,
    
      {
        "value" : "Bachelors of Business Management/Communication",
        "synonyms": [
          "4 Years full-time or part-time equivalent"
        ]
      } ,
    
      {
        "value" : "Bachelors of Business Management/Economics",
        "synonyms": [
          "4.5 Years full-time or part-time equivalent"
        ]
      } ,
    
      {
        "value" : "Bachelors of Business Management/Information Technology",
        "synonyms": [
          "4 Years full-time or part-time equivalent"
        ]
      } ,
    
      {
        "value" : "Bachelors of Business Management/International Hotel and Tourism Management",
        "synonyms": [
          "4 Years full-time or part-time equivalent"
        ]
      } ,
    
      {
        "value" : "Bachelors of Business Management/Journalism",
        "synonyms": [
          "4.25 Years full-time or part-time equivalent"
        ]
      } ,
    
      {
        "value" : "Bachelors of Business Management/Laws Honours",
        "synonyms": [
          "5.5 Years full-time or part-time equivalent"
        ]
      } ,
    
      {
        "value" : "Bachelors of Business Management/Science",
        "synonyms": [
          "4.25 Years full-time or part-time equivalent"
        ]
      } ,
    
      {
        "value" : "Bachelor of Clinical Exercise Physiology Honours",
        "synonyms": [
          "4 Years full-time or part-time equivalent"
        ]
      } ,
    
      {
        "value" : "Bachelor of Commerce",
        "synonyms": [
          "3 Years full-time or part-time equivalent"
        ]
      } ,
    
      {
        "value" : "Bachelor of Commerce Honours",
        "synonyms": [
          "1 Year full-time or part-time equivalent"
        ]
      } ,
    
      {
        "value" : "Bachelors of Commerce /Information Technology",
        "synonyms": [
          "4 Years full-time or part-time equivalent"
        ]
      } ,
    
      {
        "value" : "Bachelors of Commerce/Arts",
        "synonyms": [
          "4.25 Years full-time or part-time equivalent"
        ]
      } ,
    
      {
        "value" : "Bachelors of Commerce/Economics",
        "synonyms": [
          "4.5 Years full-time or part-time equivalent"
        ]
      } ,
    
      {
        "value" : "Bachelors of Commerce/Laws Honours",
        "synonyms": [
          "5.5 Years full-time or part-time equivalent"
        ]
      } ,
    
      {
        "value" : "Bachelors of Commerce/Science",
        "synonyms": [
          "4.25 Years full-time or part-time equivalent"
        ]
      } ,
    
      {
        "value" : "Bachelor of Communication",
        "synonyms": [
          "3 Years full-time or part-time equivalent"
        ]
      } ,
    
      {
        "value" : "Bachelor of Communication Honours",
        "synonyms": [
          "1 Year full-time or part-time equivalent"
        ]
      } ,
    
      {
        "value" : "Bachelors of Communication/ Journalism",
        "synonyms": [
          "4 Years full-time or part-time equivalent"
        ]
      } ,
    
      {
        "value" : "Bachelors of Communication/Arts",
        "synonyms": [
          "4 Years full-time or part-time equivalent"
        ]
      } ,
    
      {
        "value" : "Bachelor of Criminology and Criminal Justice Honours",
        "synonyms": [
          "4 Years full-time or part-time equivalent"
        ]
      } ,
    
      {
        "value" : "Bachelor of Dental Science Honours",
        "synonyms": [
          "5 Years full-time"
        ]
      } ,
    
      {
        "value" : "Bachelor of Economics",
        "synonyms": [
          "3 Years full-time or part-time equivalent"
        ]
      } ,
    
      {
        "value" : "Bachelor of Economics Honours",
        "synonyms": [
          "1 Year full-time or part-time equivalent"
        ]
      } ,
    
      {
        "value" : "Bachelors of Economics/Arts",
        "synonyms": [
          "4.25 Years full-time or part-time equivalent"
        ]
      } ,
    
      {
        "value" : "Bachelors of Economics/Laws Honours",
        "synonyms": [
          "5.5 Years full-time or part-time equivalent"
        ]
      } ,
    
      {
        "value" : "Bachelors of Economics/Science",
        "synonyms": [
          "4.5 Years full-time or part-time equivalent"
        ]
      } ,
    
      {
        "value" : "Bachelor of Education Primary",
        "synonyms": [
          "4 Years full-time"
        ]
      } ,
    
      {
        "value" : "Bachelor of Education Primary Honours",
        "synonyms": [
          "4 Years full-time"
        ]
      } ,
    
      {
        "value" : "Bachelor of Education Secondary",
        "synonyms": [
          "4 Years full-time or part-time equivalent"
        ]
      } ,
    
      {
        "value" : "Bachelor of Engineering Honours",
        "synonyms": [
          "4 Years full-time or part-time equivalent"
        ]
      } ,
    
      {
        "value" : "Bachelor of Engineering Honours and Master of Engineering",
        "synonyms": [
          "5 Years full-time or part-time equivalent"
        ]
      } ,
    
      {
        "value" : "Bachelors of Engineering Honours/Arts",
        "synonyms": [
          "5.5 Years full-time or part-time equivalent"
        ]
      } ,
    
      {
        "value" : "Bachelors of Engineering Honours/Biotechnology Honours",
        "synonyms": [
          "5.5 Years full-time or part-time equivalent"
        ]
      } ,
    
      {
        "value" : "Bachelors of Engineering Honours/Business Management",
        "synonyms": [
          "5.5 Years full-time or part-time equivalent"
        ]
      } ,
    
      {
        "value" : "Bachelors of Engineering Honours/Commerce",
        "synonyms": [
          "5.5 Years full-time or part-time equivalent"
        ]
      } ,
    
      {
        "value" : "Bachelors of Engineering Honours/Economics",
        "synonyms": [
          "5.5 Years full-time or part-time equivalent"
        ]
      } ,
    
      {
        "value" : "Bachelors of Engineering Honours/Information Technology",
        "synonyms": [
          "5.5 Years full-time or part-time equivalent"
        ]
      } ,
    
      {
        "value" : "Bachelors of Engineering Honours/Mathematics",
        "synonyms": [
          "5 Years full-time or part-time equivalent"
        ]
      } ,
    
      {
        "value" : "Bachelors of Engineering Honours/Science",
        "synonyms": [
          "5 Years full-time or part-time equivalent"
        ]
      } ,
    
      {
        "value" : "Bachelor of Environmental Management Honours",
        "synonyms": [
          "4 Years full-time or part-time equivalent"
        ]
      } ,
    
      {
        "value" : "Bachelor of Environmental Science Honours",
        "synonyms": [
          "4 Years full-time or part-time equivalent"
        ]
      } ,
    
      {
        "value" : "Bachelor of Equine Science",
        "synonyms": [
          "3 Years full-time or part-time equivalent"
        ]
      } ,
    
      {
        "value" : "Bachelor of Equine Science Honours",
        "synonyms": [
          "1 Year full-time or part-time equivalent"
        ]
      } ,
    
      {
        "value" : "Bachelor of Exercise and Nutrition Sciences",
        "synonyms": [
          "3 Years full-time or part-time equivalent"
        ]
      } ,
    
      {
        "value" : "Bachelor of Exercise and Nutrition Sciences Honours",
        "synonyms": [
          "1 Year full-time or part-time equivalent"
        ]
      } ,
    
      {
        "value" : "Bachelor of Exercise and Sport Sciences Honours",
        "synonyms": [
          "4 Years full-time or part-time equivalent"
        ]
      } ,
    
      {
        "value" : "Bachelor of Health Sciences",
        "synonyms": [
          "3 Years full-time or part-time equivalent"
        ]
      } ,
    
      {
        "value" : "Bachelor of Health Sciences Honours",
        "synonyms": [
          "1 Year full-time or part-time equivalent"
        ]
      } ,
    
      {
        "value" : "Bachelor of Health, Sport and Physical Education Honours",
        "synonyms": [
          "4 Years full-time or part-time equivalent"
        ]
      } ,
    
      {
        "value" : "Bachelor of Information Technology",
        "synonyms": [
          "3 Years full-time or part-time equivalent"
        ]
      } ,
    
      {
        "value" : "Bachelor of Information Technology Honours",
        "synonyms": [
          "1 Year full-time or part-time equivalent"
        ]
      } ,
    
      {
        "value" : "Bachelors of Information Technology/Arts",
        "synonyms": [
          "4 Years full-time or part-time equivalent"
        ]
      } ,
    
      {
        "value" : "Bachelors of Information Technology/Science",
        "synonyms": [
          "4 Years full-time or part-time equivalent"
        ]
      } ,
    
      {
        "value" : "Bachelor of International Hotel and Tourism Management",
        "synonyms": [
          "3 Years full-time or part-time equivalent"
        ]
      } ,
    
      {
        "value" : "Bachelor of International Hotel and Tourism Management Honours",
        "synonyms": [
          "1 Year full-time or part-time equivalent"
        ]
      } ,
    
      {
        "value" : "Bachelor of International Studies",
        "synonyms": [
          "3 Years full-time or part-time equivalent"
        ]
      } ,
    
      {
        "value" : "Bachelor of International Studies Honours",
        "synonyms": [
          "1 Year full-time"
        ]
      } ,
    
      {
        "value" : "Bachelor of Journalism",
        "synonyms": [
          "3 Years full-time or part-time equivalent"
        ]
      } ,
    
      {
        "value" : "Bachelor of Journalism Honours",
        "synonyms": [
          "1 Year full-time"
        ]
      } ,
    
      {
        "value" : "Bachelors of Journalism/Arts",
        "synonyms": [
          "4 Years full-time or part-time equivalent"
        ]
      } ,
    
      {
        "value" : "Bachelors of Journalism/Laws Honours",
        "synonyms": [
          "5.5 Years full-time"
        ]
      } ,
    
      {
        "value" : "Diploma in Languages",
        "synonyms": [
          "2 Years part-time only available as part-time study"
        ]
      } ,
    
      {
        "value" : "Bachelor of Laws Honours",
        "synonyms": [
          "4 Years full-time or part-time equivalent"
        ]
      } ,
    
      {
        "value" : "Bachelor of Mathematics",
        "synonyms": [
          "3 Years full-time or part-time equivalent"
        ]
      } ,
    
      {
        "value" : "Bachelor of Mathematics Honours",
        "synonyms": [
          "1 Year full-time or part-time equivalent"
        ]
      } ,
    
      {
        "value" : "Bachelors of Mathematics/Arts",
        "synonyms": [
          "4 Years full-time or part-time equivalent"
        ]
      } ,
    
      {
        "value" : "Bachelors of Mathematics/Business Management",
        "synonyms": [
          "4 Years full-time or part-time equivalent"
        ]
      } ,
    
      {
        "value" : "Bachelors of Mathematics/Commerce",
        "synonyms": [
          "4 Years full-time or part-time equivalent"
        ]
      } ,
    
      {
        "value" : "Bachelors of Mathematics/Economics",
        "synonyms": [
          "4 Years full-time or part-time equivalent"
        ]
      } ,
    
      {
        "value" : "Bachelors of Mathematics/Education Secondary",
        "synonyms": [
          "4 Years full-time or part-time equivalent"
        ]
      } ,
    
      {
        "value" : "Bachelors of Mathematics/Information Technology",
        "synonyms": [
          "4 Years full-time or part-time equivalent"
        ]
      } ,
    
      {
        "value" : "Bachelors of Mathematics/Science",
        "synonyms": [
          "4 Years full-time or part-time equivalent"
        ]
      } ,
    
      {
        "value" : "Bachelor of Midwifery",
        "synonyms": [
          "3 Years full-time"
        ]
      } ,
    
      {
        "value" : "Bachelor of Midwifery Honours",
        "synonyms": [
          "1 Year full-time or part-time equivalent"
        ]
      } ,
    
      {
        "value" : "Bachelor of Music Honours",
        "synonyms": [
          "4 Years full-time"
        ]
      } ,
    
      {
        "value" : "Bachelors of Music Honours/Arts",
        "synonyms": [
          "5 Years full-time"
        ]
      } ,
    
      {
        "value" : "Bachelors of Music Honours/Education Secondary",
        "synonyms": [
          "5 Years full-time"
        ]
      } ,
    
      {
        "value" : "Bachelors of Music Honours/Science",
        "synonyms": [
          "5 Years full-time"
        ]
      } ,
    
      {
        "value" : "Diploma in Music Performance",
        "synonyms": [
          "4 Years part-time only available as part-time study"
        ]
      } ,
    
      {
        "value" : "Bachelor of Nursing",
        "synonyms": [
          "3 Years full-time"
        ]
      } ,
    
      {
        "value" : "Bachelor of Nursing Honours",
        "synonyms": [
          "1 Year full-time or part-time equivalent"
        ]
      } ,
    
      {
        "value" : "Bachelors of Nursing/ Midwifery",
        "synonyms": [
          "4 Years full-time"
        ]
      } ,
    
      {
        "value" : "Bachelor of Occupational Health and Safety Science Honours",
        "synonyms": [
          "4 Years full-time or part-time equivalent"
        ]
      } ,
    
      {
        "value" : "Bachelor of Occupational Therapy Honours",
        "synonyms": [
          "4 Years full-time"
        ]
      } ,
    
      {
        "value" : "Bachelor of Oral Health Honours",
        "synonyms": [
          "1 Year full-time"
        ]
      } ,
    
      {
        "value" : "Bachelor of Pharmacy Honours",
        "synonyms": [
          "4 Years full-time or part-time equivalent"
        ]
      } ,
    
      {
        "value" : "Bachelor of Physiotherapy Honours",
        "synonyms": [
          "4 Years full-time"
        ]
      } ,
    
      {
        "value" : "Bachelor of Politics, Philosophy and Economics Honours",
        "synonyms": [
          "4 Years full-time or part-time equivalent"
        ]
      } ,
    
      {
        "value" : "Bachelor of Psychological Science Honours",
        "synonyms": [
          "4 Years full-time or part-time equivalent"
        ]
      } ,
    
      {
        "value" : "Bachelor of Regional and Town Planning",
        "synonyms": [
          "4 Years full-time or part-time equivalent"
        ]
      } ,
    
      {
        "value" : "Bachelor of Regional and Town Planning Honours",
        "synonyms": [
          "4 Years full-time or part-time equivalent"
        ]
      } ,
    
      {
        "value" : "Diploma in Science",
        "synonyms": [
          "1 Year full-time or part-time equivalent"
        ]
      } ,
    
      {
        "value" : "Bachelor of Science",
        "synonyms": [
          "3 Years full-time or part-time equivalent"
        ]
      } ,
    
      {
        "value" : "Bachelor of Science Gatton",
        "synonyms": [
          "3 Years full-time or part-time equivalent"
        ]
      } ,
    
      {
        "value" : "Bachelor of Science Honours",
        "synonyms": [
          "1 Year full-time"
        ]
      } ,
    
      {
        "value" : "Bachelor of Science Honours - Gatton",
        "synonyms": [
          "1 Year full-time"
        ]
      } ,
    
      {
        "value" : "Bachelors of Science/Arts",
        "synonyms": [
          "4 Years full-time or part-time equivalent"
        ]
      } ,
    
      {
        "value" : "Bachelors of Science/Education Secondary",
        "synonyms": [
          "4 Years full-time or part-time equivalent"
        ]
      } ,
    
      {
        "value" : "Bachelors of Science/Journalism",
        "synonyms": [
          "4 Years full-time or part-time equivalent"
        ]
      } ,
    
      {
        "value" : "Bachelors of Science/Laws Honours",
        "synonyms": [
          "5.5 Years full-time or part-time equivalent"
        ]
      } ,
    
      {
        "value" : "Bachelor of Social Science",
        "synonyms": [
          "3 Years full-time or part-time equivalent"
        ]
      } ,
    
      {
        "value" : "Bachelor of Social Science Honours",
        "synonyms": [
          "1 Year full-time or part-time equivalent"
        ]
      } ,
    
      {
        "value" : "Bachelor of Social Work Honours",
        "synonyms": [
          "4 Years full-time or part-time equivalent"
        ]
      } ,
    
      {
        "value" : "Bachelor of Speech Pathology Honours",
        "synonyms": [
          "4 Years full-time"
        ]
      } ,
    
      {
        "value" : "Bachelor of Sustainable Agriculture",
        "synonyms": [
          "3 Years full-time or part-time equivalent"
        ]
      } ,
    
      {
        "value" : "Bachelor of Sustainable Agriculture Honours",
        "synonyms": [
          "1 Year full-time or part-time equivalent"
        ]
      } ,
    
      {
        "value" : "Bachelor of Veterinary Science Honours",
        "synonyms": [
          "5 Years full-time"
        ]
      } ,
    
      {
        "value" : "Bachelor of Veterinary Technology",
        "synonyms": [
          "3 Years full-time or part-time equivalent"
        ]
      } ,
    
      {
        "value" : "Bachelor of Veterinary Technology Honours",
        "synonyms": [
          "1 Year full-time or part-time equivalent"
        ]
      } ,
    
      {
        "value" : "Bachelor of Wildlife Science",
        "synonyms": [
          "3 Years full-time or part-time equivalent"
        ]
      } ,
    
      {
        "value" : "Bachelor of Wildlife Science Honours",
        "synonyms": [
          "1 Year full-time or part-time equivalent"
        ]
      } ,
    
      {
        "value" : "Master of Advanced Economics",
        "synonyms": [
          "1 Year full-time"
        ]
      } ,
    
      {
        "value" : "Master of Advanced Economics",
        "synonyms": [
          "1.5 Years full-time"
        ]
      } ,
    
      {
        "value" : "Master of Advanced Nursing",
        "synonyms": [
          "1.5 Years full-time or part-time equivalent"
        ]
      } ,
    
      {
        "value" : "Master of Agribusiness",
        "synonyms": [
          "1.5 Years full-time or part-time equivalent"
        ]
      } ,
    
      {
        "value" : "Graduate Certificate in Agribusiness",
        "synonyms": [
          "Half Year full-time or part-time equivalent"
        ]
      } ,
    
      {
        "value" : "Master of Agribusiness",
        "synonyms": [
          "2 Years full-time or part-time equivalent"
        ]
      } ,
    
      {
        "value" : "Graduate Certificate in Agricultural Science",
        "synonyms": [
          "Half Year full-time or part-time equivalent"
        ]
      } ,
    
      {
        "value" : "Master of Agricultural Science",
        "synonyms": [
          "2 Years full-time or part-time equivalent"
        ]
      } ,
    
      {
        "value" : "Master of Agricultural Science",
        "synonyms": [
          "1.5 Years full-time or part-time equivalent"
        ]
      } ,
    
      {
        "value" : "Graduate Certificate in Alcohol, Tobacco and Other Drug Studies",
        "synonyms": [
          "1 Year part-time only available as part-time study"
        ]
      } ,
    
      {
        "value" : "Master of Animal Science",
        "synonyms": [
          "2 Years full-time or part-time equivalent"
        ]
      } ,
    
      {
        "value" : "Master of Animal Science",
        "synonyms": [
          "1.5 Years full-time or part-time equivalent"
        ]
      } ,
    
      {
        "value" : "Graduate Certificate in Animal Science",
        "synonyms": [
          "Half Year full-time or part-time equivalent"
        ]
      } ,
    
      {
        "value" : "Master of Applied Econometrics",
        "synonyms": [
          "2 Years full-time or part-time equivalent"
        ]
      } ,
    
      {
        "value" : "Master of Applied Econometrics",
        "synonyms": [
          "1.5 Years full-time or part-time equivalent"
        ]
      } ,
    
      {
        "value" : "Master of Applied Linguistics",
        "synonyms": [
          "2 Years full-time"
        ]
      } ,
    
      {
        "value" : "Master of Applied Linguistics",
        "synonyms": [
          "1.5 Years full-time or part-time equivalent"
        ]
      } ,
    
      {
        "value" : "Graduate Diploma in Applied Linguistics",
        "synonyms": [
          "1 Year full-time or part-time equivalent"
        ]
      } ,
    
      {
        "value" : "Graduate Certificate in Applied Linguistics",
        "synonyms": [
          "Half Year full-time or part-time equivalent"
        ]
      } ,
    
      {
        "value" : "Master of Applied Linguistics",
        "synonyms": [
          "1 Year full-time or part-time equivalent"
        ]
      } ,
    
      {
        "value" : "Master of Architecture",
        "synonyms": [
          "2 Years full-time or part-time equivalent"
        ]
      } ,
    
      {
        "value" : "Master of Arts in Chinese Translation and Interpreting",
        "synonyms": [
          "2 Years full-time"
        ]
      } ,
    
      {
        "value" : "Master of Arts in Chinese Translation and Interpreting",
        "synonyms": [
          "1.5 Years full-time"
        ]
      } ,
    
      {
        "value" : "Graduate Diploma in Arts in Chinese Translation and Interpreting",
        "synonyms": [
          "1 Year full-time"
        ]
      } ,
    
      {
        "value" : "Graduate Certificate in Arts in Chinese Translation and Interpreting",
        "synonyms": [
          "Half Year full-time"
        ]
      } ,
    
      {
        "value" : "Graduate Certificate in Arts in Japanese Interpreting",
        "synonyms": [
          "1 Year part-time only available as part-time study"
        ]
      } ,
    
      {
        "value" : "Graduate Diploma in Arts in Japanese Interpreting and Translation",
        "synonyms": [
          "1 Year full-time"
        ]
      } ,
    
      {
        "value" : "Master of Arts in Japanese Interpreting and Translation",
        "synonyms": [
          "2 Years full-time"
        ]
      } ,
    
      {
        "value" : "Graduate Certificate in Arts in Japanese Translation",
        "synonyms": [
          "1 Year part-time only available as part-time study"
        ]
      } ,
    
      {
        "value" : "Graduate Certificate in Atrocity Prevention",
        "synonyms": [
          "Half Year full-time or part-time equivalent"
        ]
      } ,
    
      {
        "value" : "Master of Audiology Studies",
        "synonyms": [
          "2 Years full-time"
        ]
      } ,
    
      {
        "value" : "Master of Bioinformatics",
        "synonyms": [
          "1 Year full-time or part-time equivalent"
        ]
      } ,
    
      {
        "value" : "Master of Bioinformatics",
        "synonyms": [
          "1.5 Years full-time or part-time equivalent"
        ]
      } ,
    
      {
        "value" : "Graduate Certificate in Bioinformatics",
        "synonyms": [
          "Half Year full-time or part-time equivalent"
        ]
      } ,
    
      {
        "value" : "Master of Bioinformatics Research Extensive",
        "synonyms": [
          "2 Years full-time or part-time equivalent"
        ]
      } ,
    
      {
        "value" : "Master of Bioinformatics Research Extensive",
        "synonyms": [
          "1.5 Years full-time or part-time equivalent"
        ]
      } ,
    
      {
        "value" : "Graduate Diploma in Biostatistics",
        "synonyms": [
          "1 Year full-time or part-time equivalent"
        ]
      } ,
    
      {
        "value" : "Graduate Certificate in Biostatistics",
        "synonyms": [
          "Half Year full-time or part-time equivalent"
        ]
      } ,
    
      {
        "value" : "Master of Biostatistics",
        "synonyms": [
          "1.5 Years full-time or part-time equivalent"
        ]
      } ,
    
      {
        "value" : "Master of Biostatistics",
        "synonyms": [
          "1 Year full-time or part-time equivalent"
        ]
      } ,
    
      {
        "value" : "Graduate Diploma in Biotechnology",
        "synonyms": [
          "1 Year full-time or part-time equivalent"
        ]
      } ,
    
      {
        "value" : "Master of Biotechnology",
        "synonyms": [
          "2 Years full-time or part-time equivalent"
        ]
      } ,
    
      {
        "value" : "Graduate Certificate in Biotechnology",
        "synonyms": [
          "Half Year full-time or part-time equivalent"
        ]
      } ,
    
      {
        "value" : "Master of Biotechnology",
        "synonyms": [
          "1 Year full-time or part-time equivalent"
        ]
      } ,
    
      {
        "value" : "Master of Biotechnology",
        "synonyms": [
          "1.5 Years full-time or part-time equivalent"
        ]
      } ,
    
      {
        "value" : "Master of Biotechnology Research Extensive",
        "synonyms": [
          "1.5 Years full-time or part-time equivalent"
        ]
      } ,
    
      {
        "value" : "Master of Biotechnology Research Extensive",
        "synonyms": [
          "2 Years full-time or part-time equivalent"
        ]
      } ,
    
      {
        "value" : "Master of Business",
        "synonyms": [
          "2 Years full-time or part-time equivalent"
        ]
      } ,
    
      {
        "value" : "Master of Business",
        "synonyms": [
          "1.5 Years full-time or part-time equivalent"
        ]
      } ,
    
      {
        "value" : "Graduate Certificate in Business",
        "synonyms": [
          "Half Year full-time or part-time equivalent"
        ]
      } ,
    
      {
        "value" : "Graduate Certificate in Business Administration",
        "synonyms": [
          "Half Year full-time or part-time equivalent"
        ]
      } ,
    
      {
        "value" : "Master of Business Administration",
        "synonyms": [
          "1 Year full-time or part-time equivalent"
        ]
      } ,
    
      {
        "value" : "Graduate Diploma in Business Administration",
        "synonyms": [
          "1 Year full-time or part-time equivalent"
        ]
      } ,
    
      {
        "value" : "Master of Business Psychology",
        "synonyms": [
          "1.5 Years full-time or part-time equivalent"
        ]
      } ,
    
      {
        "value" : "Graduate Certificate in Business Research Methods",
        "synonyms": [
          "Half Year full-time or part-time equivalent"
        ]
      } ,
    
      {
        "value" : "Graduate Diploma in Business Research Methods",
        "synonyms": [
          "1 Year full-time or part-time equivalent"
        ]
      } ,
    
      {
        "value" : "Doctor of Clinical Dentistry",
        "synonyms": [
          "3 Years full-time"
        ]
      } ,
    
      {
        "value" : "Master of Clinical Exercise Physiology",
        "synonyms": [
          "1.5 Years full-time"
        ]
      } ,
    
      {
        "value" : "Graduate Certificate in Clinical Pharmacy",
        "synonyms": [
          "1 Year part-time only available as part-time study"
        ]
      } ,
    
      {
        "value" : "Graduate Diploma in Clinical Pharmacy",
        "synonyms": [
          "1 Year full-time or part-time equivalent"
        ]
      } ,
    
      {
        "value" : "Master of Clinical Pharmacy",
        "synonyms": [
          "2 Years full-time or part-time equivalent"
        ]
      } ,
    
      {
        "value" : "Master of Clinical Psychology",
        "synonyms": [
          "2 Years full-time or part-time equivalent"
        ]
      } ,
    
      {
        "value" : "Graduate Certificate in Commerce",
        "synonyms": [
          "Half Year full-time or part-time equivalent"
        ]
      } ,
    
      {
        "value" : "Master of Commerce",
        "synonyms": [
          "1.5 Years full-time or part-time equivalent"
        ]
      } ,
    
      {
        "value" : "Master of Commerce",
        "synonyms": [
          "2 Years full-time or part-time equivalent"
        ]
      } ,
    
      {
        "value" : "Master of Communication",
        "synonyms": [
          "1.5 Years full-time or part-time equivalent"
        ]
      } ,
    
      {
        "value" : "Graduate Certificate in Communication",
        "synonyms": [
          "Half Year full-time or part-time equivalent"
        ]
      } ,
    
      {
        "value" : "Master of Communication",
        "synonyms": [
          "2 Years full-time or part-time equivalent"
        ]
      } ,
    
      {
        "value" : "Graduate Certificate in Community Development",
        "synonyms": [
          "1 Year part-time only available as part-time study"
        ]
      } ,
    
      {
        "value" : "Graduate Diploma in Computer Science",
        "synonyms": [
          "1 Year full-time or part-time equivalent"
        ]
      } ,
    
      {
        "value" : "Master of Computer Science",
        "synonyms": [
          "1.5 Years full-time or part-time equivalent"
        ]
      } ,
    
      {
        "value" : "Master of Computer Science",
        "synonyms": [
          "1 Year full-time or part-time equivalent"
        ]
      } ,
    
      {
        "value" : "Graduate Certificate in Computer Science",
        "synonyms": [
          "Half Year full-time or part-time equivalent"
        ]
      } ,
    
      {
        "value" : "Master of Computer Science Management",
        "synonyms": [
          "2 Years full-time or part-time equivalent"
        ]
      } ,
    
      {
        "value" : "Master of Conservation Biology",
        "synonyms": [
          "1 Year full-time or part-time equivalent"
        ]
      } ,
    
      {
        "value" : "Master of Conservation Science",
        "synonyms": [
          "1.5 Years full-time or part-time equivalent"
        ]
      } ,
    
      {
        "value" : "Master of Counselling",
        "synonyms": [
          "2 Years full-time or part-time equivalent"
        ]
      } ,
    
      {
        "value" : "Graduate Certificate in Critical Care Echocardiography",
        "synonyms": [
          "1 Year part-time only available as part-time study"
        ]
      } ,
    
      {
        "value" : "Master of Data Science",
        "synonyms": [
          "2 Years full-time or part-time equivalent"
        ]
      } ,
    
      {
        "value" : "Master of Development Economics",
        "synonyms": [
          "1.5 Years full-time or part-time equivalent"
        ]
      } ,
    
      {
        "value" : "Master of Development Economics",
        "synonyms": [
          "2 Years full-time or part-time equivalent"
        ]
      } ,
    
      {
        "value" : "Master of Development Practice",
        "synonyms": [
          "2 Years full-time or part-time equivalent"
        ]
      } ,
    
      {
        "value" : "Graduate Certificate in Development Practice",
        "synonyms": [
          "Half Year full-time or part-time equivalent"
        ]
      } ,
    
      {
        "value" : "Master of Development Practice",
        "synonyms": [
          "1.5 Years full-time or part-time equivalent"
        ]
      } ,
    
      {
        "value" : "Master of Dietetics Studies",
        "synonyms": [
          "1.5 Years full-time"
        ]
      } ,
    
      {
        "value" : "Graduate Certificate in Digital Health",
        "synonyms": [
          "Half Year full-time or part-time equivalent"
        ]
      } ,
    
      {
        "value" : "Graduate Certificate in Economic Studies",
        "synonyms": [
          "Half Year full-time or part-time equivalent"
        ]
      } ,
    
      {
        "value" : "Master of Economics",
        "synonyms": [
          "2 Years full-time or part-time equivalent"
        ]
      } ,
    
      {
        "value" : "Graduate Diploma in Economics",
        "synonyms": [
          "1 Year full-time or part-time equivalent"
        ]
      } ,
    
      {
        "value" : "Graduate Certificate in Economics",
        "synonyms": [
          "Half Year full-time or part-time equivalent"
        ]
      } ,
    
      {
        "value" : "Master of Economics",
        "synonyms": [
          "1.5 Years full-time or part-time equivalent"
        ]
      } ,
    
      {
        "value" : "Master of Economics and Public Policy",
        "synonyms": [
          "2 Years full-time or part-time equivalent"
        ]
      } ,
    
      {
        "value" : "Master of Economics and Public Policy",
        "synonyms": [
          "1.5 Years full-time or part-time equivalent"
        ]
      } ,
    
      {
        "value" : "Master of Educational Studies",
        "synonyms": [
          "1.5 Years full-time or part-time equivalent"
        ]
      } ,
    
      {
        "value" : "Graduate Diploma in Educational Studies",
        "synonyms": [
          "1 Year full-time or part-time equivalent"
        ]
      } ,
    
      {
        "value" : "Master of Educational Studies",
        "synonyms": [
          "1 Year full-time or part-time equivalent"
        ]
      } ,
    
      {
        "value" : "Master of Educational Studies",
        "synonyms": [
          "2 Years full-time or part-time equivalent"
        ]
      } ,
    
      {
        "value" : "Graduate Certificate in Educational Studies",
        "synonyms": [
          "Half Year full-time or part-time equivalent"
        ]
      } ,
    
      {
        "value" : "Master of Engineering",
        "synonyms": [
          "2 Years full-time or part-time equivalent"
        ]
      } ,
    
      {
        "value" : "Master of Engineering Science",
        "synonyms": [
          "1 Year full-time or part-time equivalent"
        ]
      } ,
    
      {
        "value" : "Master of Engineering Science",
        "synonyms": [
          "1.5 Years full-time or part-time equivalent"
        ]
      } ,
    
      {
        "value" : "Graduate Certificate in Engineering Science",
        "synonyms": [
          "Half Year full-time or part-time equivalent"
        ]
      } ,
    
      {
        "value" : "Master of Engineering Science Management",
        "synonyms": [
          "2 Years full-time or part-time equivalent"
        ]
      } ,
    
      {
        "value" : "Graduate Diploma in Environmental Management",
        "synonyms": [
          "1 Year full-time or part-time equivalent"
        ]
      } ,
    
      {
        "value" : "Master of Environmental Management",
        "synonyms": [
          "2 Years full-time or part-time equivalent"
        ]
      } ,
    
      {
        "value" : "Master of Environmental Management",
        "synonyms": [
          "1.5 Years full-time or part-time equivalent"
        ]
      } ,
    
      {
        "value" : "Graduate Certificate in Environmental Management",
        "synonyms": [
          "Half Year full-time or part-time equivalent"
        ]
      } ,
    
      {
        "value" : "Graduate Certificate in Epidemiology",
        "synonyms": [
          "1 Year part-time only available as part-time study"
        ]
      } ,
    
      {
        "value" : "Graduate Diploma in Epidemiology",
        "synonyms": [
          "1 Year full-time or part-time equivalent"
        ]
      } ,
    
      {
        "value" : "Master of Epidemiology",
        "synonyms": [
          "1.5 Years full-time or part-time equivalent"
        ]
      } ,
    
      {
        "value" : "Graduate Certificate in Executive Leadership",
        "synonyms": [
          "Half Year full-time or part-time equivalent"
        ]
      } ,
    
      {
        "value" : "Master of Financial Mathematics",
        "synonyms": [
          "1.5 Years full-time or part-time equivalent"
        ]
      } ,
    
      {
        "value" : "Master of Financial Mathematics",
        "synonyms": [
          "2 Years full-time or part-time equivalent"
        ]
      } ,
    
      {
        "value" : "Graduate Certificate in Fire Safety",
        "synonyms": [
          "1 Year part-time only available as part-time study"
        ]
      } ,
    
      {
        "value" : "Graduate Certificate in Food Science and Technology",
        "synonyms": [
          "Half Year full-time or part-time equivalent"
        ]
      } ,
    
      {
        "value" : "Master of Food Science and Technology",
        "synonyms": [
          "1.5 Years full-time or part-time equivalent"
        ]
      } ,
    
      {
        "value" : "Master of Food Science and Technology",
        "synonyms": [
          "2 Years full-time or part-time equivalent"
        ]
      } ,
    
      {
        "value" : "Master of Geographic Information Science",
        "synonyms": [
          "1.5 Years full-time or part-time equivalent"
        ]
      } ,
    
      {
        "value" : "Graduate Diploma in Geographic Information Science",
        "synonyms": [
          "1 Year full-time or part-time equivalent"
        ]
      } ,
    
      {
        "value" : "Graduate Certificate in Geographic Information Science",
        "synonyms": [
          "Half Year full-time or part-time equivalent"
        ]
      } ,
    
      {
        "value" : "Master of Geographic Information Science",
        "synonyms": [
          "2 Years full-time or part-time equivalent"
        ]
      } ,
    
      {
        "value" : "Master of Global Management",
        "synonyms": [
          "2 Years full-time"
        ]
      } ,
    
      {
        "value" : "Master of Governance and Public Policy",
        "synonyms": [
          "1.5 Years full-time or part-time equivalent"
        ]
      } ,
    
      {
        "value" : "Graduate Certificate in Governance and Public Policy",
        "synonyms": [
          "Half Year full-time"
        ]
      } ,
    
      {
        "value" : "Master of Governance and Public Policy",
        "synonyms": [
          "1 Year full-time or part-time equivalent"
        ]
      } ,
    
      {
        "value" : "Master of Governance and Public Policy",
        "synonyms": [
          "2 Years full-time or part-time equivalent"
        ]
      } ,
    
      {
        "value" : "Graduate Diploma in Governance and Public Policy",
        "synonyms": [
          "1 Year full-time or part-time equivalent"
        ]
      } ,
    
      {
        "value" : "Master of Health Economics",
        "synonyms": [
          "2 Years full-time or part-time equivalent"
        ]
      } ,
    
      {
        "value" : "Master of Health Economics",
        "synonyms": [
          "1.5 Years full-time or part-time equivalent"
        ]
      } ,
    
      {
        "value" : "Graduate Certificate in Heritage Management",
        "synonyms": [
          "1 Year part-time only available as part-time study"
        ]
      } ,
    
      {
        "value" : "Master of Heritage Management",
        "synonyms": [
          "1.5 Years full-time or part-time equivalent"
        ]
      } ,
    
      {
        "value" : "Master of Heritage Management",
        "synonyms": [
          "1 Year full-time or part-time equivalent"
        ]
      } ,
    
      {
        "value" : "Graduate Certificate in Information Technology",
        "synonyms": [
          "Half Year full-time or part-time equivalent"
        ]
      } ,
    
      {
        "value" : "Graduate Diploma in Information Technology",
        "synonyms": [
          "1 Year full-time or part-time equivalent"
        ]
      } ,
    
      {
        "value" : "Master of Information Technology",
        "synonyms": [
          "2 Years full-time or part-time equivalent"
        ]
      } ,
    
      {
        "value" : "Master of Information Technology Management",
        "synonyms": [
          "2.5 Years full-time or part-time equivalent"
        ]
      } ,
    
      {
        "value" : "Graduate Diploma in Integrated Water Management",
        "synonyms": [
          "1 Year full-time or part-time equivalent"
        ]
      } ,
    
      {
        "value" : "Master of Integrated Water Management",
        "synonyms": [
          "1.5 Years full-time or part-time equivalent"
        ]
      } ,
    
      {
        "value" : "Graduate Certificate in Integrated Water Management",
        "synonyms": [
          "Half Year full-time or part-time equivalent"
        ]
      } ,
    
      {
        "value" : "Master of Interaction Design",
        "synonyms": [
          "2 Years full-time or part-time equivalent"
        ]
      } ,
    
      {
        "value" : "Graduate Certificate in Interaction Design",
        "synonyms": [
          "Half Year full-time or part-time equivalent"
        ]
      } ,
    
      {
        "value" : "Graduate Diploma in Interaction Design",
        "synonyms": [
          "1 Year full-time or part-time equivalent"
        ]
      } ,
    
      {
        "value" : "Master of International Commercial Law",
        "synonyms": [
          "1 Year full-time or part-time equivalent"
        ]
      } ,
    
      {
        "value" : "Master of International Economics and Finance",
        "synonyms": [
          "2 Years full-time or part-time equivalent"
        ]
      } ,
    
      {
        "value" : "Master of International Economics and Finance",
        "synonyms": [
          "1.5 Years full-time or part-time equivalent"
        ]
      } ,
    
      {
        "value" : "Master of International Law",
        "synonyms": [
          "1.5 Years full-time or part-time equivalent"
        ]
      } ,
    
      {
        "value" : "Graduate Certificate in International Relations",
        "synonyms": [
          "Half Year full-time or part-time equivalent"
        ]
      } ,
    
      {
        "value" : "Master of International Relations",
        "synonyms": [
          "1 Year full-time or part-time equivalent"
        ]
      } ,
    
      {
        "value" : "Master of International Relations",
        "synonyms": [
          "1.5 Years full-time or part-time equivalent"
        ]
      } ,
    
      {
        "value" : "Master of International Relations",
        "synonyms": [
          "2 Years full-time or part-time equivalent"
        ]
      } ,
    
      {
        "value" : "Masters of International Relations/International Law",
        "synonyms": [
          "2 Years full-time or part-time equivalent"
        ]
      } ,
    
      {
        "value" : "Master of Laws",
        "synonyms": [
          "1.5 Years full-time or part-time equivalent"
        ]
      } ,
    
      {
        "value" : "Master of Laws",
        "synonyms": [
          "1 Year full-time or part-time equivalent"
        ]
      } ,
    
      {
        "value" : "Master of Leadership in Global Development",
        "synonyms": [
          "1 Year full-time or part-time equivalent"
        ]
      } ,
    
      {
        "value" : "Graduate Certificate in Magnetic Resonance Technology",
        "synonyms": [
          "1 Year part-time only available as part-time study"
        ]
      } ,
    
      {
        "value" : "Master of Magnetic Resonance Technology",
        "synonyms": [
          "1.5 Years full-time or part-time equivalent"
        ]
      } ,
    
      {
        "value" : "Graduate Diploma in Magnetic Resonance Technology",
        "synonyms": [
          "1 Year full-time or part-time equivalent"
        ]
      } ,
    
      {
        "value" : "Graduate Certificate in Magnetic Resonance and Positron Emission Tomography",
        "synonyms": [
          "Half Year full-time or part-time equivalent"
        ]
      } ,
    
      {
        "value" : "Graduate Certificate in Mediation and Conflict Resolution",
        "synonyms": [
          "Half Year full-time or part-time equivalent"
        ]
      } ,
    
      {
        "value" : "Graduate Certificate in Medicine",
        "synonyms": [
          "1 Year part-time only available as part-time study"
        ]
      } ,
    
      {
        "value" : "Master of Medicine",
        "synonyms": [
          "2 Years part-time only available as part-time study"
        ]
      } ,
    
      {
        "value" : "Doctor of Medicine",
        "synonyms": [
          "4 Years full-time"
        ]
      } ,
    
      {
        "value" : "Graduate Certificate in Mental Health",
        "synonyms": [
          "1 Year part-time only available as part-time study"
        ]
      } ,
    
      {
        "value" : "Master of Mental Health",
        "synonyms": [
          "1.5 Years full-time or part-time equivalent"
        ]
      } ,
    
      {
        "value" : "Master of Mental Health Nursing",
        "synonyms": [
          "1.5 Years full-time or part-time equivalent"
        ]
      } ,
    
      {
        "value" : "Graduate Diploma in Mineral Resources",
        "synonyms": [
          "1 Year full-time or part-time equivalent"
        ]
      } ,
    
      {
        "value" : "Graduate Certificate in Mineral Resources",
        "synonyms": [
          "Half Year full-time or part-time equivalent"
        ]
      } ,
    
      {
        "value" : "Master of Mineral Resources",
        "synonyms": [
          "1.5 Years full-time or part-time equivalent"
        ]
      } ,
    
      {
        "value" : "Graduate Diploma in Molecular Biology",
        "synonyms": [
          "1 Year full-time or part-time equivalent"
        ]
      } ,
    
      {
        "value" : "Graduate Certificate in Molecular Biology",
        "synonyms": [
          "Half Year full-time or part-time equivalent"
        ]
      } ,
    
      {
        "value" : "Master of Molecular Biology",
        "synonyms": [
          "1 Year full-time or part-time equivalent"
        ]
      } ,
    
      {
        "value" : "Master of Molecular Biology",
        "synonyms": [
          "2 Years full-time or part-time equivalent"
        ]
      } ,
    
      {
        "value" : "Master of Molecular Biology",
        "synonyms": [
          "1.5 Years full-time or part-time equivalent"
        ]
      } ,
    
      {
        "value" : "Master of Molecular Biology Research Extensive",
        "synonyms": [
          "1.5 Years full-time"
        ]
      } ,
    
      {
        "value" : "Master of Molecular Biology Research Extensive",
        "synonyms": [
          "2 Years full-time"
        ]
      } ,
    
      {
        "value" : "Master of Museum Studies",
        "synonyms": [
          "1.5 Years full-time or part-time equivalent"
        ]
      } ,
    
      {
        "value" : "Graduate Certificate in Museum Studies",
        "synonyms": [
          "Half Year full-time or part-time equivalent"
        ]
      } ,
    
      {
        "value" : "Graduate Diploma in Museum Studies",
        "synonyms": [
          "1 Year full-time or part-time equivalent"
        ]
      } ,
    
      {
        "value" : "Master of Music",
        "synonyms": [
          "1.5 Years full-time or part-time equivalent"
        ]
      } ,
    
      {
        "value" : "Graduate Certificate in Music",
        "synonyms": [
          "Half Year full-time or part-time equivalent"
        ]
      } ,
    
      {
        "value" : "Master of Music",
        "synonyms": [
          "1 Year full-time or part-time equivalent"
        ]
      } ,
    
      {
        "value" : "Graduate Diploma in Music",
        "synonyms": [
          "1 Year full-time or part-time equivalent"
        ]
      } ,
    
      {
        "value" : "Graduate Certificate in Nursing",
        "synonyms": [
          "Half Year full-time or part-time equivalent"
        ]
      } ,
    
      {
        "value" : "Master of Nursing Studies",
        "synonyms": [
          "2 Years full-time"
        ]
      } ,
    
      {
        "value" : "Master of Occupational Health and Safety Science",
        "synonyms": [
          "1.5 Years full-time or part-time equivalent"
        ]
      } ,
    
      {
        "value" : "Master of Occupational Health and Safety Science #32",
        "synonyms": [
          "2 Years full-time or part-time equivalent"
        ]
      } ,
    
      {
        "value" : "Master of Occupational Therapy Studies",
        "synonyms": [
          "2.5 Years full-time"
        ]
      } ,
    
      {
        "value" : "Master of Organisational Psychology",
        "synonyms": [
          "2 Years full-time or part-time equivalent"
        ]
      } ,
    
      {
        "value" : "Master of Peace and Conflict Studies",
        "synonyms": [
          "2 Years full-time or part-time equivalent"
        ]
      } ,
    
      {
        "value" : "Graduate Certificate in Peace and Conflict Studies",
        "synonyms": [
          "Half Year full-time or part-time equivalent"
        ]
      } ,
    
      {
        "value" : "Master of Peace and Conflict Studies",
        "synonyms": [
          "1.5 Years full-time or part-time equivalent"
        ]
      } ,
    
      {
        "value" : "Master of Peace and Conflict Studies",
        "synonyms": [
          "1 Year full-time or part-time equivalent"
        ]
      } ,
    
      {
        "value" : "Master of Petroleum Engineering",
        "synonyms": [
          "1.5 Years full-time or part-time equivalent"
        ]
      } ,
    
      {
        "value" : "Graduate Certificate in Pharmacy Practice",
        "synonyms": [
          "2 Years only available on a part-time basis"
        ]
      } ,
    
      {
        "value" : "Master of Physiotherapy",
        "synonyms": [
          "Part-time only - further details on the delivery arrangements for studying the Master of Physiotherapy are listed here ."
        ]
      } ,
    
      {
        "value" : "Master of Physiotherapy Studies",
        "synonyms": [
          "2 Years full-time"
        ]
      } ,
    
      {
        "value" : "Graduate Diploma in Psychological Practice",
        "synonyms": [
          "2 years part-time 2 units per semester"
        ]
      } ,
    
      {
        "value" : "Master of Psychology",
        "synonyms": [
          "2 Years full-time or part-time equivalent"
        ]
      } ,
    
      {
        "value" : "Doctor of Psychology",
        "synonyms": [
          "4 Years full-time"
        ]
      } ,
    
      {
        "value" : "Graduate Diploma in Public Health",
        "synonyms": [
          "1 Year full-time or part-time equivalent"
        ]
      } ,
    
      {
        "value" : "Master of Public Health",
        "synonyms": [
          "1.5 Years full-time or part-time equivalent"
        ]
      } ,
    
      {
        "value" : "Graduate Certificate in Public Health",
        "synonyms": [
          "Half Year full-time or part-time equivalent"
        ]
      } ,
    
      {
        "value" : "Graduate Certificate in Public Transport",
        "synonyms": [
          "1 Year part-time only available as part-time study"
        ]
      } ,
    
      {
        "value" : "Graduate Certificate in Research Commercialisation",
        "synonyms": [
          "Half Year full-time or part-time equivalent"
        ]
      } ,
    
      {
        "value" : "Master of Responsible Resource Development",
        "synonyms": [
          "3 Years part-time only available as part-time study"
        ]
      } ,
    
      {
        "value" : "Graduate Diploma in Responsible Resource Development",
        "synonyms": [
          "2 Years part-time only available as part-time study"
        ]
      } ,
    
      {
        "value" : "Graduate Certificate in Responsible Resource Development",
        "synonyms": [
          "1 Year part-time only available as part-time study"
        ]
      } ,
    
      {
        "value" : "Graduate Certificate in Science",
        "synonyms": [
          "Half Year full-time or part-time equivalent"
        ]
      } ,
    
      {
        "value" : "Graduate Diploma in Science",
        "synonyms": [
          "1 Year full-time or part-time equivalent"
        ]
      } ,
    
      {
        "value" : "Master of Science",
        "synonyms": [
          "1.5 Years full-time or part-time equivalent"
        ]
      } ,
    
      {
        "value" : "Master of Social Work Studies",
        "synonyms": [
          "2 Years full-time or part-time equivalent"
        ]
      } ,
    
      {
        "value" : "Master of Social Work Studies",
        "synonyms": [
          "1.5 Years full-time or part-time equivalent"
        ]
      } ,
    
      {
        "value" : "Master of Speech Pathology Studies",
        "synonyms": [
          "2.5 Years full-time"
        ]
      } ,
    
      {
        "value" : "Master of Sports Coaching",
        "synonyms": [
          "1.5 Years full-time or part-time equivalent"
        ]
      } ,
    
      {
        "value" : "Graduate Certificate in Sports Coaching",
        "synonyms": [
          "Half Year full-time or part-time equivalent"
        ]
      } ,
    
      {
        "value" : "Master of Sports Coaching",
        "synonyms": [
          "2 years part-time recommended or 1 year full-time upon approval"
        ]
      } ,
    
      {
        "value" : "Master of Sports Medicine",
        "synonyms": [
          "1 Year full-time or part-time equivalent"
        ]
      } ,
    
      {
        "value" : "Graduate Certificate in Sports Medicine",
        "synonyms": [
          "Half Year full-time or part-time equivalent"
        ]
      } ,
    
      {
        "value" : "Graduate Diploma in Sustainable Energy",
        "synonyms": [
          "1 Year full-time or part-time equivalent"
        ]
      } ,
    
      {
        "value" : "Graduate Certificate in Sustainable Energy",
        "synonyms": [
          "Half Year full-time or part-time equivalent"
        ]
      } ,
    
      {
        "value" : "Master of Sustainable Energy",
        "synonyms": [
          "1.5 Years full-time or part-time equivalent"
        ]
      } ,
    
      {
        "value" : "Master of Teaching Primary",
        "synonyms": [
          "2 Years full-time"
        ]
      } ,
    
      {
        "value" : "Master of Tourism Leadership",
        "synonyms": [
          "1.5 Years full-time or part-time equivalent"
        ]
      } ,
    
      {
        "value" : "Master of Tourism, Hotel and Event Management",
        "synonyms": [
          "1.5 Years full-time or part-time equivalent"
        ]
      } ,
    
      {
        "value" : "Graduate Certificate in Tourism, Hotel and Event Management",
        "synonyms": [
          "Half Year full-time or part-time equivalent"
        ]
      } ,
    
      {
        "value" : "Master of Tourism, Hotel and Event Management",
        "synonyms": [
          "2 Years full-time or part-time equivalent"
        ]
      } ,
    
      {
        "value" : "Graduate Certificate in Urban and Regional Planning",
        "synonyms": [
          "Half Year full-time or part-time equivalent"
        ]
      } ,
    
      {
        "value" : "Graduate Diploma in Urban and Regional Planning",
        "synonyms": [
          "1 Year full-time or part-time equivalent"
        ]
      } ,
    
      {
        "value" : "Master of Urban and Regional Planning",
        "synonyms": [
          "2 Years full-time or part-time equivalent"
        ]
      } ,
    
      {
        "value" : "Graduate Diploma in Veterinary Science",
        "synonyms": [
          "1 Year full-time or part-time equivalent"
        ]
      } ,
    
      {
        "value" : "Graduate Certificate in Veterinary Science",
        "synonyms": [
          "Half Year full-time or part-time equivalent"
        ]
      } ,
    
      {
        "value" : "Master of Veterinary Science",
        "synonyms": [
          "1.5 Years full-time or part-time equivalent"
        ]
      } ,
    
      {
        "value" : "Master of Writing, Editing and Publishing",
        "synonyms": [
          "1.5 Years full-time or part-time equivalent"
        ]
      } ,
    
      {
        "value" : "Master of Writing, Editing and Publishing",
        "synonyms": [
          "1 Year full-time or part-time equivalent"
        ]
      } ,
    
      {
        "value" : "Graduate Certificate in Writing, Editing and Publishing",
        "synonyms": [
          "Half Year full-time or part-time equivalent"
        ]
      } ,
    
      {
        "value" : "Doctor of Biotechnology",
        "synonyms": [
          "3 Years full-time or part-time equivalent"
        ]
      } ,
    
      {
        "value" : "Doctor of Philosophy",
        "synonyms": [
          "3 to 4 years full-time or part-time equivalent"
        ]
      } ,
    
      {
        "value" : "Master of Philosophy",
        "synonyms": [
          "1.5 to 2 years full-time or part-time equivalent"
        ]
      } ,
    
      {
        "value" : "Doctor of Veterinary Clinical Science",
        "synonyms": [
          "3.5 Years full-time"
        ]
      } 
    
  ],
  "isEnum": false,
  "automatedExpansion": false
}